"프로젝트 이름","SYSO"
"날짜 범위","06/12/2026 오전 12:00 - 06/14/2026 오후 11:59"


"총 세션 수","48"

"날짜","시간","세션 기간","항목 URL","종료 URL","참조:","명확성 사용자 ID","브라우저","디바이스","OS","국가","페이지 수","세션 클릭","북마크","레코딩 링크"
"06/14/2026","오전 03:32","00:01","https://sysosyso.vercel.app/ab?utm_source=test&utm_medium=internal&utm_campaign=dev_test&utm_content=hub&utm_id=120248457389610654&utm_term=120248457390830654&fbclid=PAZXh0bgNhZW0BMABhZGlkAas1Xs-Wlk5zcnRjBmFwcF9pZA81NjcwNjczNDMzNTI0MjcAAaeomYJREYz2hXA00YdEwo_s299mZfbjNAK20wvC0W2gdEgc0v3B52UibyRTLw_aem_w-pcQZjQwGLrZHRYoVRxnQ","https://sysosyso.vercel.app/ab?utm_source=test&utm_medium=internal&utm_campaign=dev_test&utm_content=hub&utm_id=120248457389610654&utm_term=120248457390830654&fbclid=PAZXh0bgNhZW0BMABhZGlkAas1Xs-Wlk5zcnRjBmFwcF9pZA81NjcwNjczNDMzNTI0MjcAAaeomYJREYz2hXA00YdEwo_s299mZfbjNAK20wvC0W2gdEgc0v3B52UibyRTLw_aem_w-pcQZjQwGLrZHRYoVRxnQ","https://instagram.com/","b4g1dw","InstagramApp","Mobile","Android","Korea","1","0","FALSE","https://clarity.microsoft.com/player/x4avf9oig2/b4g1dw/fgl92n/?ss=1781375554000&sd=1"
"06/14/2026","오전 02:04","01:23","https://sysosyso.vercel.app/b?utm_source=test&utm_medium=internal&utm_campaign=dev_test&utm_content=hub&utm_id=120248457337170654&utm_term=120248457337390654&fbclid=PAZXh0bgNhZW0BMABhZGlkAas1Xs-J7B5zcnRjBmFwcF9pZA81NjcwNjczNDMzNTI0MjcAAadl9NHXONKn1d-awo10IqCbBTwkRSTAKnwokxquzwkrjuGYjGb3ANfGf_LFVA_aem_JIgLD10Bt5ZWw1J73UN8Cg","https://sysosyso.vercel.app/b?utm_source=test&utm_medium=internal&utm_campaign=dev_test&utm_content=hub&utm_id=120248457337170654&utm_term=120248457337390654&fbclid=PAZXh0bgNhZW0BMABhZGlkAas1Xs-J7B5zcnRjBmFwcF9pZA81NjcwNjczNDMzNTI0MjcAAadl9NHXONKn1d-awo10IqCbBTwkRSTAKnwokxquzwkrjuGYjGb3ANfGf_LFVA_aem_JIgLD10Bt5ZWw1J73UN8Cg","https://instagram.com/","1deifhi","InstagramApp","Mobile","Android","Korea","1","0","FALSE","https://clarity.microsoft.com/player/x4avf9oig2/1deifhi/1c5uisb/?ss=1781370298000&sd=83"
"06/13/2026","오후 10:21","00:38","https://sysosyso.vercel.app/ab?utm_source=test&utm_medium=internal&utm_campaign=dev_test&utm_content=hub&utm_id=120248457389610654&utm_term=120248457390830654&fbclid=PAZXh0bgNhZW0BMABhZGlkAas1Xs-Wlk5zcnRjBmFwcF9pZA81NjcwNjczNDMzNTI0MjcAAadg8XH97UJoziUQKyR-Okv8NyI0eoII82E1z9tQMw8OPsBYjbuY8NVRZMbA0w_aem_lb-O4kchdqMtPeWifGXSUw","https://sysosyso.vercel.app/ab?utm_source=test&utm_medium=internal&utm_campaign=dev_test&utm_content=hub&utm_id=120248457389610654&utm_term=120248457390830654&fbclid=PAZXh0bgNhZW0BMABhZGlkAas1Xs-Wlk5zcnRjBmFwcF9pZA81NjcwNjczNDMzNTI0MjcAAadg8XH97UJoziUQKyR-Okv8NyI0eoII82E1z9tQMw8OPsBYjbuY8NVRZMbA0w_aem_lb-O4kchdqMtPeWifGXSUw","https://instagram.com/","1msxbxe","ChromeMobile","Tablet","Android","Korea","1","0","FALSE","https://clarity.microsoft.com/player/x4avf9oig2/1msxbxe/1pyhz59/?ss=1781356910000&sd=38"
"06/13/2026","오후 09:59","14:57","https://sysosyso.vercel.app/b?utm_source=test&utm_medium=internal&utm_campaign=dev_test&utm_content=hub&utm_id=120248457337170654&utm_term=120248457337390654&fbclid=PAZXh0bgNhZW0BMABhZGlkAas1Xs-J7B5zcnRjBmFwcF9pZA81NjcwNjczNDMzNTI0MjcAAaeFOhkaqTa2ssJwrqM5lwxw-i6wY_0H-4NuwxzvkLGmjtaeiwnPpM4XgmUXCg_aem_HWAFirRKHsJMgjlESa2_-Q","https://sysosyso.vercel.app/b?utm_source=test&utm_medium=internal&utm_campaign=dev_test&utm_content=hub&utm_id=120248457337170654&utm_term=120248457337390654&fbclid=PAZXh0bgNhZW0BMABhZGlkAas1Xs-J7B5zcnRjBmFwcF9pZA81NjcwNjczNDMzNTI0MjcAAae0qE70h-NzsQbXlV6ftWBSyh9GetcEqoLhOHM7vFSLBFCUrqQ23znT7xA4JQ_aem_8ZmaI7zlwt0RplOdET9wlg","https://instagram.com/","lf3hnt","InstagramApp","Mobile","Android","Korea","2","0","FALSE","https://clarity.microsoft.com/player/x4avf9oig2/lf3hnt/1tun9vt/?ss=1781355543000&sd=897"
"06/13/2026","오후 08:34","00:33","https://sysosyso.vercel.app/ab?utm_source=test&utm_medium=internal&utm_campaign=dev_test&utm_content=hub&utm_id=120248457389610654&utm_term=120248457390830654&fbclid=PAZXh0bgNhZW0BMABhZGlkAas1Xs-Wlk5zcnRjBmFwcF9pZA81NjcwNjczNDMzNTI0MjcAAadZtn5J4ktLZSOruld5EhHlUJnFJpf_a0IVpBSIz18JeQHx1btUBW5PGRVsHQ_aem_T86y48EAxNUSC3MSi82WRQ","https://sysosyso.vercel.app/ab?utm_source=test&utm_medium=internal&utm_campaign=dev_test&utm_content=hub&utm_id=120248457389610654&utm_term=120248457390830654&fbclid=PAZXh0bgNhZW0BMABhZGlkAas1Xs-Wlk5zcnRjBmFwcF9pZA81NjcwNjczNDMzNTI0MjcAAadZtn5J4ktLZSOruld5EhHlUJnFJpf_a0IVpBSIz18JeQHx1btUBW5PGRVsHQ_aem_T86y48EAxNUSC3MSi82WRQ","https://instagram.com/","9tzhbh","InstagramApp","Mobile","Android","Korea","1","0","FALSE","https://clarity.microsoft.com/player/x4avf9oig2/9tzhbh/14v6apu/?ss=1781350488000&sd=33"
"06/13/2026","오후 08:34","00:20","https://sysosyso.vercel.app/ab?utm_source=test&utm_medium=internal&utm_campaign=dev_test&utm_content=hub&utm_id=120248457389610654&utm_term=120248457390830654&fbclid=PAZXh0bgNhZW0BMABhZGlkAas1Xs-Wlk5zcnRjBmFwcF9pZA81NjcwNjczNDMzNTI0MjcAAacZ_2hCgIE4mDEfRIyBXsVnT3VYnqf3ePRrcYpZC0vrCA8oENxl5bjdTfn_8A_aem_bSQcSSrlsBSTWpzI2GISfg","https://sysosyso.vercel.app/ab?utm_source=test&utm_medium=internal&utm_campaign=dev_test&utm_content=hub&utm_id=120248457389610654&utm_term=120248457390830654&fbclid=PAZXh0bgNhZW0BMABhZGlkAas1Xs-Wlk5zcnRjBmFwcF9pZA81NjcwNjczNDMzNTI0MjcAAacZ_2hCgIE4mDEfRIyBXsVnT3VYnqf3ePRrcYpZC0vrCA8oENxl5bjdTfn_8A_aem_bSQcSSrlsBSTWpzI2GISfg","https://instagram.com/","184g6kk","InstagramApp","Mobile","Android","Korea","1","0","FALSE","https://clarity.microsoft.com/player/x4avf9oig2/184g6kk/npep9i/?ss=1781350470000&sd=20"
"06/13/2026","오후 08:30","00:06","https://sysosyso.vercel.app/ab?utm_source=test&utm_medium=internal&utm_campaign=dev_test&utm_content=hub&utm_id=120248457389610654&utm_term=120248457390830654&fbclid=PAZXh0bgNhZW0BMABhZGlkAas1Xs-Wlk5zcnRjBmFwcF9pZA8xMjQwMjQ1NzQyODc0MTQAAafc8LcHt6I7l9IZL8E55H2tQEse9UeGvUfN94982ttvl4Vvuri_8c1xot7h7w_aem_SHbFMNSXC7UVthUo6xP56w","https://sysosyso.vercel.app/ab?utm_source=test&utm_medium=internal&utm_campaign=dev_test&utm_content=hub&utm_id=120248457389610654&utm_term=120248457390830654&fbclid=PAZXh0bgNhZW0BMABhZGlkAas1Xs-Wlk5zcnRjBmFwcF9pZA8xMjQwMjQ1NzQyODc0MTQAAafc8LcHt6I7l9IZL8E55H2tQEse9UeGvUfN94982ttvl4Vvuri_8c1xot7h7w_aem_SHbFMNSXC7UVthUo6xP56w","https://instagram.com/","1xgvcnn","InstagramApp","Mobile","iOS","Korea","1","0","FALSE","https://clarity.microsoft.com/player/x4avf9oig2/1xgvcnn/14mu7q4/?ss=1781350218000&sd=6"
"06/13/2026","오후 04:46","00:01","https://sysosyso.vercel.app/b?utm_source=test&utm_medium=internal&utm_campaign=dev_test&utm_content=hub&utm_id=120248457337170654&utm_term=120248457337390654&fbclid=PAZXh0bgNhZW0BMABhZGlkAas1Xs-J7B5zcnRjBmFwcF9pZA8xMjQwMjQ1NzQyODc0MTQAAaeV78X_CSXooljqoiqs75crioEh52D82-Ti6Mk7d7AvayZT4tcD6J-FVhIgBA_aem_oU8B6K4kxRNet2YxQ3I96A","https://sysosyso.vercel.app/b?utm_source=test&utm_medium=internal&utm_campaign=dev_test&utm_content=hub&utm_id=120248457337170654&utm_term=120248457337390654&fbclid=PAZXh0bgNhZW0BMABhZGlkAas1Xs-J7B5zcnRjBmFwcF9pZA8xMjQwMjQ1NzQyODc0MTQAAaeV78X_CSXooljqoiqs75crioEh52D82-Ti6Mk7d7AvayZT4tcD6J-FVhIgBA_aem_oU8B6K4kxRNet2YxQ3I96A","https://instagram.com/","ia7b2p","InstagramApp","Mobile","iOS","Japan","1","0","FALSE","https://clarity.microsoft.com/player/x4avf9oig2/ia7b2p/115rccr/?ss=1781336780000&sd=1"
"06/13/2026","오후 03:02","00:47","https://sysosyso.vercel.app/b?utm_source=test&utm_medium=internal&utm_campaign=dev_test&utm_content=hub&utm_id=120248457337170654&utm_term=120248457337390654&fbclid=PAZXh0bgNhZW0BMABhZGlkAas1Xs-J7B5zcnRjBmFwcF9pZA81NjcwNjczNDMzNTI0MjcAAaex-f9MZ6rSPlbYmtmKyBemetoLoXvEixlRqt_bXo8eEOCr07TiCkyRWK-r3w_aem_BakYsRg9fr0wjPvDfsRrLA","https://sysosyso.vercel.app/b?utm_source=test&utm_medium=internal&utm_campaign=dev_test&utm_content=hub&utm_id=120248457337170654&utm_term=120248457337390654&fbclid=PAZXh0bgNhZW0BMABhZGlkAas1Xs-J7B5zcnRjBmFwcF9pZA81NjcwNjczNDMzNTI0MjcAAaex-f9MZ6rSPlbYmtmKyBemetoLoXvEixlRqt_bXo8eEOCr07TiCkyRWK-r3w_aem_BakYsRg9fr0wjPvDfsRrLA","http://instagram.com/","w11hzf","InstagramApp","Mobile","Android","Korea","1","0","FALSE","https://clarity.microsoft.com/player/x4avf9oig2/w11hzf/1inmsjf/?ss=1781330561000&sd=47"
"06/13/2026","오후 02:48","00:16","https://sysosyso.vercel.app/b?utm_source=test&utm_medium=internal&utm_campaign=dev_test&utm_content=hub&utm_id=120248457337170654&utm_term=120248457337390654&fbclid=PAZXh0bgNhZW0BMABhZGlkAas1Xs-J7B5zcnRjBmFwcF9pZA8xMjQwMjQ1NzQyODc0MTQAAadZu4PyoH9vdKMlJqf7itzn3WCqSWJ3wSS5Lon2LW4Q2Wdfq3SdkBj34i_mKA_aem_hwAknMLwY6WQM4KXH1x4dQ","https://sysosyso.vercel.app/b?utm_source=test&utm_medium=internal&utm_campaign=dev_test&utm_content=hub&utm_id=120248457337170654&utm_term=120248457337390654&fbclid=PAZXh0bgNhZW0BMABhZGlkAas1Xs-J7B5zcnRjBmFwcF9pZA8xMjQwMjQ1NzQyODc0MTQAAadZu4PyoH9vdKMlJqf7itzn3WCqSWJ3wSS5Lon2LW4Q2Wdfq3SdkBj34i_mKA_aem_hwAknMLwY6WQM4KXH1x4dQ","https://instagram.com/","zh86jn","InstagramApp","Mobile","iOS","Korea","1","0","FALSE","https://clarity.microsoft.com/player/x4avf9oig2/zh86jn/nsmu3r/?ss=1781329719000&sd=16"
"06/13/2026","오후 02:43","00:06","https://sysosyso.vercel.app/b?utm_source=test&utm_medium=internal&utm_campaign=dev_test&utm_content=hub&utm_id=120248457337170654&utm_term=120248457337390654&fbclid=PAZXh0bgNhZW0BMABhZGlkAas1Xs-J7B5zcnRjBmFwcF9pZA8xMjQwMjQ1NzQyODc0MTQAAae0ON1lhyqwISG02fPPfWYvU4VBa_GD-6pSxHMVtvliFf1-k2A5pxDC4aVX2A_aem_bGpUhOHv-XP_IOYCUPjwtg","https://sysosyso.vercel.app/b?utm_source=test&utm_medium=internal&utm_campaign=dev_test&utm_content=hub&utm_id=120248457337170654&utm_term=120248457337390654&fbclid=PAZXh0bgNhZW0BMABhZGlkAas1Xs-J7B5zcnRjBmFwcF9pZA8xMjQwMjQ1NzQyODc0MTQAAae0ON1lhyqwISG02fPPfWYvU4VBa_GD-6pSxHMVtvliFf1-k2A5pxDC4aVX2A_aem_bGpUhOHv-XP_IOYCUPjwtg","https://instagram.com/","pywboj","InstagramApp","Mobile","iOS","Korea","1","0","FALSE","https://clarity.microsoft.com/player/x4avf9oig2/pywboj/19x7o1l/?ss=1781329404000&sd=6"
"06/13/2026","오전 10:19","00:31","https://sysosyso.vercel.app/a?utm_source=test&utm_medium=internal&utm_campaign=dev_test&utm_content=hub&utm_id=120248457289540654&utm_term=120248457289740654&fbclid=PAZXh0bgNhZW0BMABhZGlkAas1Xs_oEa5zcnRjBmFwcF9pZA81NjcwNjczNDMzNTI0MjcAAadkrcoLT-aAMakmUm_gy6Mc6VIro8hyrdBN7SUp7Qmdke7i2AvHckqX5POagw_aem_uE1Qjk8ocGoqUU9P8IHqIg","https://sysosyso.vercel.app/a?utm_source=test&utm_medium=internal&utm_campaign=dev_test&utm_content=hub&utm_id=120248457289540654&utm_term=120248457289740654&fbclid=PAZXh0bgNhZW0BMABhZGlkAas1Xs_oEa5zcnRjBmFwcF9pZA81NjcwNjczNDMzNTI0MjcAAadkrcoLT-aAMakmUm_gy6Mc6VIro8hyrdBN7SUp7Qmdke7i2AvHckqX5POagw_aem_uE1Qjk8ocGoqUU9P8IHqIg","https://instagram.com/","zaz6d7","InstagramApp","Mobile","Android","Korea","1","0","FALSE","https://clarity.microsoft.com/player/x4avf9oig2/zaz6d7/jal7ko/?ss=1781313572000&sd=31"
"06/13/2026","오전 10:05","00:34","https://sysosyso.vercel.app/a?utm_source=test&utm_medium=internal&utm_campaign=dev_test&utm_content=hub&utm_id=120248457289540654&utm_term=120248457289740654&fbclid=PAZXh0bgNhZW0BMABhZGlkAas1Xs_oEa5zcnRjBmFwcF9pZA8xMjQwMjQ1NzQyODc0MTQAAae8xwA7E5d4RolhLHmOfRUAJT4PoZjAzgxGNnH_0LlSkjYCkK5FMOHBuDyjOw_aem_jMgBV9s6LWvzChNQrx1AoA","https://sysosyso.vercel.app/a?utm_source=test&utm_medium=internal&utm_campaign=dev_test&utm_content=hub&utm_id=120248457289540654&utm_term=120248457289740654&fbclid=PAZXh0bgNhZW0BMABhZGlkAas1Xs_oEa5zcnRjBmFwcF9pZA8xMjQwMjQ1NzQyODc0MTQAAae8xwA7E5d4RolhLHmOfRUAJT4PoZjAzgxGNnH_0LlSkjYCkK5FMOHBuDyjOw_aem_jMgBV9s6LWvzChNQrx1AoA","https://instagram.com/","xsda9u","InstagramApp","Mobile","iOS","Korea","1","0","FALSE","https://clarity.microsoft.com/player/x4avf9oig2/xsda9u/1umthlz/?ss=1781312704000&sd=34"
"06/13/2026","오전 09:59","00:01","https://sysosyso.vercel.app/ab?utm_source=test&utm_medium=internal&utm_campaign=dev_test&utm_content=hub&utm_id=120248457389610654&utm_term=120248457390830654&fbclid=PAZXh0bgNhZW0BMABhZGlkAas1Xs-Wlk5zcnRjBmFwcF9pZA81NjcwNjczNDMzNTI0MjcAAafFCBgjvA1A6g9E5UAr-tlVy791yVukjM8jqHPTdqJSNYp9tA3D595ewWgxEw_aem_eTkI7Pu2rRyUx3VBDxJ4Tw","https://sysosyso.vercel.app/ab?utm_source=test&utm_medium=internal&utm_campaign=dev_test&utm_content=hub&utm_id=120248457389610654&utm_term=120248457390830654&fbclid=PAZXh0bgNhZW0BMABhZGlkAas1Xs-Wlk5zcnRjBmFwcF9pZA81NjcwNjczNDMzNTI0MjcAAafFCBgjvA1A6g9E5UAr-tlVy791yVukjM8jqHPTdqJSNYp9tA3D595ewWgxEw_aem_eTkI7Pu2rRyUx3VBDxJ4Tw","https://instagram.com/","1lnr42","InstagramApp","Mobile","Android","Korea","1","0","FALSE","https://clarity.microsoft.com/player/x4avf9oig2/1lnr42/cvdoe0/?ss=1781312393000&sd=1"
"06/13/2026","오전 09:46","00:02","https://sysosyso.vercel.app/ab?utm_source=test&utm_medium=internal&utm_campaign=dev_test&utm_content=hub&utm_id=120248457389610654&utm_term=120248457390830654&fbclid=PAZXh0bgNhZW0BMABhZGlkAas1Xs-Wlk5zcnRjBmFwcF9pZA8xMjQwMjQ1NzQyODc0MTQAAaf3st2CVLPIF3wRWu0N1bVgz2B63WX71KzAJf3MhAviN8Cm45MyELw1ts_pVA_aem_I-edKTlr1XjcTWwHmgg7bw","https://sysosyso.vercel.app/ab?utm_source=test&utm_medium=internal&utm_campaign=dev_test&utm_content=hub&utm_id=120248457389610654&utm_term=120248457390830654&fbclid=PAZXh0bgNhZW0BMABhZGlkAas1Xs-Wlk5zcnRjBmFwcF9pZA8xMjQwMjQ1NzQyODc0MTQAAaf3st2CVLPIF3wRWu0N1bVgz2B63WX71KzAJf3MhAviN8Cm45MyELw1ts_pVA_aem_I-edKTlr1XjcTWwHmgg7bw","https://instagram.com/","waxf52","InstagramApp","Mobile","iOS","Korea","1","0","FALSE","https://clarity.microsoft.com/player/x4avf9oig2/waxf52/1gai46i/?ss=1781311569000&sd=2"
"06/13/2026","오전 09:16","00:36","https://sysosyso.vercel.app/a?utm_source=test&utm_medium=internal&utm_campaign=dev_test&utm_content=hub&utm_id=120248457289540654&utm_term=120248457289740654&fbclid=PAZXh0bgNhZW0BMABhZGlkAas1Xs_oEa5zcnRjBmFwcF9pZA81NjcwNjczNDMzNTI0MjcAAafYVPezj3wgDPaDP0S4ZOGJlWb53EGs12G0jB9g3Ic1LZi4CUc7r1_0Vjh3-g_aem_LCeF6fX_GmUgb3OSo2Haug","https://sysosyso.vercel.app/a?utm_source=test&utm_medium=internal&utm_campaign=dev_test&utm_content=hub&utm_id=120248457289540654&utm_term=120248457289740654&fbclid=PAZXh0bgNhZW0BMABhZGlkAas1Xs_oEa5zcnRjBmFwcF9pZA81NjcwNjczNDMzNTI0MjcAAafYVPezj3wgDPaDP0S4ZOGJlWb53EGs12G0jB9g3Ic1LZi4CUc7r1_0Vjh3-g_aem_LCeF6fX_GmUgb3OSo2Haug","https://instagram.com/","dvxriv","InstagramApp","Mobile","Android","Korea","3","1","FALSE","https://clarity.microsoft.com/player/x4avf9oig2/dvxriv/yt8qrb/?ss=1781309794000&sd=36"
"06/13/2026","오전 07:55","00:02","https://sysosyso.vercel.app/a?utm_source=test&utm_medium=internal&utm_campaign=dev_test&utm_content=hub&utm_id=120248457289540654&utm_term=120248457289740654&fbclid=PAZXh0bgNhZW0BMABhZGlkAas1Xs5x7G5zcnRjBmFwcF9pZA8xMjQwMjQ1NzQyODc0MTQAAaec9cqVKVvNZ-D860ouwvODrBTdI2TuL5s5UxsjTJK8eCSgH-wPIjuDy3iWww_aem_QoIXDqR7Pfx4no_N_IPx0Q","https://sysosyso.vercel.app/a?utm_source=test&utm_medium=internal&utm_campaign=dev_test&utm_content=hub&utm_id=120248457289540654&utm_term=120248457289740654&fbclid=PAZXh0bgNhZW0BMABhZGlkAas1Xs5x7G5zcnRjBmFwcF9pZA8xMjQwMjQ1NzQyODc0MTQAAaec9cqVKVvNZ-D860ouwvODrBTdI2TuL5s5UxsjTJK8eCSgH-wPIjuDy3iWww_aem_QoIXDqR7Pfx4no_N_IPx0Q","https://instagram.com/","uj1sfg","InstagramApp","Mobile","iOS","Korea","1","0","FALSE","https://clarity.microsoft.com/player/x4avf9oig2/uj1sfg/78diag/?ss=1781304930000&sd=2"
"06/13/2026","오전 07:23","00:50","https://sysosyso.vercel.app/a?utm_source=test&utm_medium=internal&utm_campaign=dev_test&utm_content=hub&utm_id=120248457289540654&utm_term=120248457289740654&fbclid=PAZXh0bgNhZW0BMABhZGlkAas1Xs_oEa5zcnRjBmFwcF9pZA8xMjQwMjQ1NzQyODc0MTQAAafjR9rIAtUm170mMe1MuVSG0Q9aP04QX4BVm28I6WVgnethD1NVK1vqcWPTzw_aem_zZBn8EX8boIsxmVNN8sy_Q","https://sysosyso.vercel.app/a?utm_source=test&utm_medium=internal&utm_campaign=dev_test&utm_content=hub&utm_id=120248457289540654&utm_term=120248457289740654&fbclid=PAZXh0bgNhZW0BMABhZGlkAas1Xs_oEa5zcnRjBmFwcF9pZA8xMjQwMjQ1NzQyODc0MTQAAafjR9rIAtUm170mMe1MuVSG0Q9aP04QX4BVm28I6WVgnethD1NVK1vqcWPTzw_aem_zZBn8EX8boIsxmVNN8sy_Q","https://instagram.com/","99elzc","InstagramApp","Mobile","iOS","Korea","1","1","FALSE","https://clarity.microsoft.com/player/x4avf9oig2/99elzc/cz81qy/?ss=1781303012000&sd=50"
"06/13/2026","오전 07:17","00:01","https://sysosyso.vercel.app/b?utm_source=test&utm_medium=internal&utm_campaign=dev_test&utm_content=hub&utm_id=120248457337170654&utm_term=120248457337390654&fbclid=PAZXh0bgNhZW0BMABhZGlkAas1Xs4wKH5zcnRjBmFwcF9pZA8xMjQwMjQ1NzQyODc0MTQAAafVNN3hMth3GddCJliSyeAbUFP-cDD5sMoDAG3z0z2vYyxmN0Trwwj90_Wp_A_aem_V0ydzABY9Gs-LclxyO43aA","https://sysosyso.vercel.app/b?utm_source=test&utm_medium=internal&utm_campaign=dev_test&utm_content=hub&utm_id=120248457337170654&utm_term=120248457337390654&fbclid=PAZXh0bgNhZW0BMABhZGlkAas1Xs4wKH5zcnRjBmFwcF9pZA8xMjQwMjQ1NzQyODc0MTQAAafVNN3hMth3GddCJliSyeAbUFP-cDD5sMoDAG3z0z2vYyxmN0Trwwj90_Wp_A_aem_V0ydzABY9Gs-LclxyO43aA","https://instagram.com/","nfakny","InstagramApp","Mobile","iOS","Korea","1","0","FALSE","https://clarity.microsoft.com/player/x4avf9oig2/nfakny/1dsz8rm/?ss=1781302671000&sd=1"
"06/13/2026","오전 07:14","00:01","https://sysosyso.vercel.app/b?utm_source=test&utm_medium=internal&utm_campaign=dev_test&utm_content=hub&utm_id=120248457337170654&utm_term=120248457337390654&fbclid=PAZXh0bgNhZW0BMABhZGlkAas1Xs-J7B5zcnRjBmFwcF9pZA81NjcwNjczNDMzNTI0MjcAAac28UK5ZSXLt6_jF1jeoVBG4YidF8Zt2NKj_8nYK2ctxRoVtwPOJceSacUVqg_aem_n6vRtaeLiMeck095YwYGMQ","https://sysosyso.vercel.app/b?utm_source=test&utm_medium=internal&utm_campaign=dev_test&utm_content=hub&utm_id=120248457337170654&utm_term=120248457337390654&fbclid=PAZXh0bgNhZW0BMABhZGlkAas1Xs-J7B5zcnRjBmFwcF9pZA81NjcwNjczNDMzNTI0MjcAAac28UK5ZSXLt6_jF1jeoVBG4YidF8Zt2NKj_8nYK2ctxRoVtwPOJceSacUVqg_aem_n6vRtaeLiMeck095YwYGMQ","https://instagram.com/","gnazua","InstagramApp","Mobile","Android","Korea","1","0","FALSE","https://clarity.microsoft.com/player/x4avf9oig2/gnazua/ogj976/?ss=1781302482000&sd=1"
"06/13/2026","오전 06:56","00:22","https://sysosyso.vercel.app/a?utm_source=test&utm_medium=internal&utm_campaign=dev_test&utm_content=hub&utm_id=120248457289540654&utm_term=120248457289740654&fbclid=PAZXh0bgNhZW0BMABhZGlkAas1Xs_oEa5zcnRjBmFwcF9pZA81NjcwNjczNDMzNTI0MjcAAafKkRaC8Kl8xfwE940GsoL0gV9336ahi07uQMVn-XSb1VA3186N276H04A_ww_aem_9v4oyp_J_By9zunB3EnKyA","https://sysosyso.vercel.app/a?utm_source=test&utm_medium=internal&utm_campaign=dev_test&utm_content=hub&utm_id=120248457289540654&utm_term=120248457289740654&fbclid=PAZXh0bgNhZW0BMABhZGlkAas1Xs_oEa5zcnRjBmFwcF9pZA81NjcwNjczNDMzNTI0MjcAAafKkRaC8Kl8xfwE940GsoL0gV9336ahi07uQMVn-XSb1VA3186N276H04A_ww_aem_9v4oyp_J_By9zunB3EnKyA","https://instagram.com/","18dptr8","InstagramApp","Mobile","Android","Korea","1","0","FALSE","https://clarity.microsoft.com/player/x4avf9oig2/18dptr8/gs4ckk/?ss=1781301393000&sd=22"
"06/13/2026","오전 06:34","00:10","https://sysosyso.vercel.app/a?utm_source=test&utm_medium=internal&utm_campaign=dev_test&utm_content=hub&utm_id=120248457289540654&utm_term=120248457289740654&fbclid=PAZXh0bgNhZW0BMABhZGlkAas1Xs_oEa5zcnRjBmFwcF9pZA81NjcwNjczNDMzNTI0MjcAAacu1tFAXFhxGb0X48NoZLhQ1pfDsBZqqCur4yYZ-izx5X_hFUCLTzxeWd-NPg_aem_CdjAXlWMyo8kic0u-tbkdA","https://sysosyso.vercel.app/a?utm_source=test&utm_medium=internal&utm_campaign=dev_test&utm_content=hub&utm_id=120248457289540654&utm_term=120248457289740654&fbclid=PAZXh0bgNhZW0BMABhZGlkAas1Xs_oEa5zcnRjBmFwcF9pZA81NjcwNjczNDMzNTI0MjcAAacu1tFAXFhxGb0X48NoZLhQ1pfDsBZqqCur4yYZ-izx5X_hFUCLTzxeWd-NPg_aem_CdjAXlWMyo8kic0u-tbkdA","https://instagram.com/","171b9ew","InstagramApp","Mobile","Android","Korea","1","0","FALSE","https://clarity.microsoft.com/player/x4avf9oig2/171b9ew/bewkhb/?ss=1781300079000&sd=10"
"06/13/2026","오전 02:18","00:15","https://sysosyso.vercel.app/b?utm_source=test&utm_medium=internal&utm_campaign=dev_test&utm_content=hub&utm_id=120248457337170654&utm_term=120248457337390654&fbclid=PAZXh0bgNhZW0BMABhZGlkAas1Xs-J7B5zcnRjBmFwcF9pZA8xMjQwMjQ1NzQyODc0MTQAAaeNCOPCmgxk4j8yJtCjv58QJkAvRGKnV0gi2iNykS1X6tdOLcGuziA0xO-8Zw_aem_0eZesEWzEwrbClV_XTjUZg","https://sysosyso.vercel.app/b?utm_source=test&utm_medium=internal&utm_campaign=dev_test&utm_content=hub&utm_id=120248457337170654&utm_term=120248457337390654&fbclid=PAZXh0bgNhZW0BMABhZGlkAas1Xs-J7B5zcnRjBmFwcF9pZA8xMjQwMjQ1NzQyODc0MTQAAaeNCOPCmgxk4j8yJtCjv58QJkAvRGKnV0gi2iNykS1X6tdOLcGuziA0xO-8Zw_aem_0eZesEWzEwrbClV_XTjUZg","","8k4muz","InstagramApp","Mobile","iOS","Korea","1","0","FALSE","https://clarity.microsoft.com/player/x4avf9oig2/8k4muz/itlawi/?ss=1781284725000&sd=15"
"06/13/2026","오전 01:24","00:04","https://sysosyso.vercel.app/b?utm_source=test&utm_medium=internal&utm_campaign=dev_test&utm_content=hub&utm_id=120248457337170654&utm_term=120248457337390654&fbclid=PAZXh0bgNhZW0BMABhZGlkAas1Xs4wKH5zcnRjBmFwcF9pZA81NjcwNjczNDMzNTI0MjcAAafZ2KTQjR-_sBcmddMtZeCdXuqYhFdDVpoljXliETVm1SGVb4LeCEAc5yuebw_aem_YTJt9Jl5hTBrM9GF9HEeHg","https://sysosyso.vercel.app/b?utm_source=test&utm_medium=internal&utm_campaign=dev_test&utm_content=hub&utm_id=120248457337170654&utm_term=120248457337390654&fbclid=PAZXh0bgNhZW0BMABhZGlkAas1Xs4wKH5zcnRjBmFwcF9pZA81NjcwNjczNDMzNTI0MjcAAafZ2KTQjR-_sBcmddMtZeCdXuqYhFdDVpoljXliETVm1SGVb4LeCEAc5yuebw_aem_YTJt9Jl5hTBrM9GF9HEeHg","https://instagram.com/","1l0sflk","InstagramApp","Mobile","Android","Korea","1","0","FALSE","https://clarity.microsoft.com/player/x4avf9oig2/1l0sflk/whsvdj/?ss=1781281475000&sd=4"
"06/12/2026","오후 10:50","00:01","https://sysosyso.vercel.app/b?utm_source=test&utm_medium=internal&utm_campaign=dev_test&utm_content=hub&utm_id=120248457337170654&utm_term=120248457337390654&fbclid=PAZXh0bgNhZW0BMABhZGlkAas1Xs-J7B5zcnRjBmFwcF9pZA8xMjQwMjQ1NzQyODc0MTQAAaeDzGhScGIULTZ87S0WNoiMqJxu0g2iFSkqqgdmNKnvlwbBvNsEXWM5kPMUjw_aem_aLiOjexj2GUjBp2PPCX0mw","https://sysosyso.vercel.app/b?utm_source=test&utm_medium=internal&utm_campaign=dev_test&utm_content=hub&utm_id=120248457337170654&utm_term=120248457337390654&fbclid=PAZXh0bgNhZW0BMABhZGlkAas1Xs-J7B5zcnRjBmFwcF9pZA8xMjQwMjQ1NzQyODc0MTQAAaeDzGhScGIULTZ87S0WNoiMqJxu0g2iFSkqqgdmNKnvlwbBvNsEXWM5kPMUjw_aem_aLiOjexj2GUjBp2PPCX0mw","https://instagram.com/","zu7fhr","InstagramApp","Mobile","iOS","Korea","2","0","FALSE","https://clarity.microsoft.com/player/x4avf9oig2/zu7fhr/1nbrr7l/?ss=1781272249000&sd=1"
"06/12/2026","오후 10:44","00:04","https://sysosyso.vercel.app/a?utm_source=test&utm_medium=internal&utm_campaign=dev_test&utm_content=hub&utm_id=120248457289540654&utm_term=120248457289740654&fbclid=PAZXh0bgNhZW0BMABhZGlkAas1Xs_oEa5zcnRjBmFwcF9pZA8xMjQwMjQ1NzQyODc0MTQAAafC2gU1x7VdBFKQmEY7gt4n6H0pBPASTOEvShTPjxQLyWcFpZ-Z3h65EqjsxA_aem_tr-3Tw8QkZPjAikuGHfUgQ","https://sysosyso.vercel.app/a?utm_source=test&utm_medium=internal&utm_campaign=dev_test&utm_content=hub&utm_id=120248457289540654&utm_term=120248457289740654&fbclid=PAZXh0bgNhZW0BMABhZGlkAas1Xs_oEa5zcnRjBmFwcF9pZA8xMjQwMjQ1NzQyODc0MTQAAafC2gU1x7VdBFKQmEY7gt4n6H0pBPASTOEvShTPjxQLyWcFpZ-Z3h65EqjsxA_aem_tr-3Tw8QkZPjAikuGHfUgQ","https://instagram.com/","1851iax","InstagramApp","Mobile","iOS","Korea","1","0","FALSE","https://clarity.microsoft.com/player/x4avf9oig2/1851iax/iqdcas/?ss=1781271884000&sd=4"
"06/12/2026","오후 09:06","00:32","https://sysosyso.vercel.app/a?utm_source=test&utm_medium=internal&utm_campaign=dev_test&utm_content=hub&utm_id=120248457289540654&utm_term=120248457289740654&fbclid=PAZXh0bgNhZW0BMABhZGlkAas1Xs_oEa5zcnRjBmFwcF9pZA81NjcwNjczNDMzNTI0MjcAAadnuSSLfaYigu6k0F07o1Dsp9wA_cFGe7hHdbFeeKDJi9st5K_jFtwvI2jfPw_aem_zhfzjKhw5kKz5_Ig3SsHGw","https://sysosyso.vercel.app/a?utm_source=test&utm_medium=internal&utm_campaign=dev_test&utm_content=hub&utm_id=120248457289540654&utm_term=120248457289740654&fbclid=PAZXh0bgNhZW0BMABhZGlkAas1Xs_oEa5zcnRjBmFwcF9pZA81NjcwNjczNDMzNTI0MjcAAadnuSSLfaYigu6k0F07o1Dsp9wA_cFGe7hHdbFeeKDJi9st5K_jFtwvI2jfPw_aem_zhfzjKhw5kKz5_Ig3SsHGw","https://instagram.com/","1q6dvgr","InstagramApp","Mobile","Android","Korea","1","0","FALSE","https://clarity.microsoft.com/player/x4avf9oig2/1q6dvgr/fuq2lh/?ss=1781266010000&sd=32"
"06/12/2026","오후 08:56","00:26","https://sysosyso.vercel.app/ab?utm_source=test&utm_medium=internal&utm_campaign=dev_test&utm_content=hub&utm_id=120248457389610654&utm_term=120248457390830654&fbclid=PAZXh0bgNhZW0BMABhZGlkAas1Xs-Wlk5zcnRjBmFwcF9pZA81NjcwNjczNDMzNTI0MjcAAae_gb7DkezPuVd3HEAUQEKU_GcUZQCcoASpGeoJ5N2W6Om0fPHQsYEKMqXB6w_aem_wNdY4c_dwT7EXcfRkpFV7w","https://sysosyso.vercel.app/ab?utm_source=test&utm_medium=internal&utm_campaign=dev_test&utm_content=hub&utm_id=120248457389610654&utm_term=120248457390830654&fbclid=PAZXh0bgNhZW0BMABhZGlkAas1Xs-Wlk5zcnRjBmFwcF9pZA81NjcwNjczNDMzNTI0MjcAAae_gb7DkezPuVd3HEAUQEKU_GcUZQCcoASpGeoJ5N2W6Om0fPHQsYEKMqXB6w_aem_wNdY4c_dwT7EXcfRkpFV7w","https://instagram.com/","rhxw8l","InstagramApp","Mobile","Android","Korea","3","5","FALSE","https://clarity.microsoft.com/player/x4avf9oig2/rhxw8l/1q9e8mc/?ss=1781265373000&sd=26"
"06/12/2026","오후 04:57","00:01","https://sysosyso.vercel.app/ab?utm_source=test&utm_medium=internal&utm_campaign=dev_test&utm_content=hub&utm_id=120248457389610654&utm_term=120248457390830654&fbclid=PAdGRleASXQsxleHRuA2FlbQEwAGFkaWQBqzVVwF7zvnNydGMGYXBwX2lkDzEyNDAyNDU3NDI4NzQxNAABp_X8Vb8zrkFLaLSW49_Lpk78ufg6dv7ORCkySZkAv_seES9SXYvtyYUVku-S_aem_D_q7NolAshPbLpSj94WimA","https://sysosyso.vercel.app/ab?utm_source=test&utm_medium=internal&utm_campaign=dev_test&utm_content=hub&utm_id=120248457389610654&utm_term=120248457390830654&fbclid=PAdGRleASXQsxleHRuA2FlbQEwAGFkaWQBqzVVwF7zvnNydGMGYXBwX2lkDzEyNDAyNDU3NDI4NzQxNAABp_X8Vb8zrkFLaLSW49_Lpk78ufg6dv7ORCkySZkAv_seES9SXYvtyYUVku-S_aem_D_q7NolAshPbLpSj94WimA","","iep96c","MobileSafari","Mobile","iOS","Korea","1","0","FALSE","https://clarity.microsoft.com/player/x4avf9oig2/iep96c/1t5pivz/?ss=1781251023000&sd=1"
"06/12/2026","오후 04:25","00:03","https://sysosyso.vercel.app/","https://sysosyso.vercel.app/a?utm_source=test&utm_medium=internal&utm_campaign=dev_test&utm_content=hub","","6bci0r","ChromeMobile","Mobile","Android","Korea","2","1","FALSE","https://clarity.microsoft.com/player/x4avf9oig2/6bci0r/5ezg7a/?ss=1781249126000&sd=3"
"06/12/2026","오후 04:24","00:02","https://sysosyso.vercel.app/ab?utm_source=test&utm_medium=internal&utm_campaign=dev_test&utm_content=hub&utm_id=120248457389610654&utm_term=120248457390830654&fbclid=PAZXh0bgNhZW0BMABhZGlkAas1Xs-Wlk5zcnRjBmFwcF9pZA81NjcwNjczNDMzNTI0MjcAAac8T6M5lcnUtViSq8Egb1sjzcaMFCamIpQDonSG1C-swiJrYd0WFFYkNjsy_w_aem_Ty21Nb8qisyh_YtpqSVMyA","https://sysosyso.vercel.app/ab?utm_source=test&utm_medium=internal&utm_campaign=dev_test&utm_content=hub&utm_id=120248457389610654&utm_term=120248457390830654&fbclid=PAZXh0bgNhZW0BMABhZGlkAas1Xs-Wlk5zcnRjBmFwcF9pZA81NjcwNjczNDMzNTI0MjcAAac8T6M5lcnUtViSq8Egb1sjzcaMFCamIpQDonSG1C-swiJrYd0WFFYkNjsy_w_aem_Ty21Nb8qisyh_YtpqSVMyA","https://instagram.com/","dmoqp2","InstagramApp","Mobile","Android","Korea","1","0","FALSE","https://clarity.microsoft.com/player/x4avf9oig2/dmoqp2/15oht0i/?ss=1781249087000&sd=2"
"06/12/2026","오후 04:21","00:01","https://sysosyso.vercel.app/a?utm_source=test&utm_medium=internal&utm_campaign=dev_test&utm_content=hub&utm_id=120248457289540654&utm_term=120248457289740654&fbclid=PAZXh0bgNhZW0BMABhZGlkAas1Xs_oEa5zcnRjBmFwcF9pZA8xMjQwMjQ1NzQyODc0MTQAAacFMYJQS4HIpWqHkwu3j7fwYIXCaGObTR7MknL2LVaSsh_l8Gtfo8lELa9R2g_aem_KjVxwVibGNe9JANAcrqPiw","https://sysosyso.vercel.app/a?utm_source=test&utm_medium=internal&utm_campaign=dev_test&utm_content=hub&utm_id=120248457289540654&utm_term=120248457289740654&fbclid=PAZXh0bgNhZW0BMABhZGlkAas1Xs_oEa5zcnRjBmFwcF9pZA8xMjQwMjQ1NzQyODc0MTQAAacFMYJQS4HIpWqHkwu3j7fwYIXCaGObTR7MknL2LVaSsh_l8Gtfo8lELa9R2g_aem_KjVxwVibGNe9JANAcrqPiw","https://instagram.com/","3jcw2v","InstagramApp","Mobile","iOS","Korea","1","0","FALSE","https://clarity.microsoft.com/player/x4avf9oig2/3jcw2v/2w77wi/?ss=1781248905000&sd=1"
"06/12/2026","오후 03:27","01:23","https://sysosyso.vercel.app/b?utm_source=test&utm_medium=internal&utm_campaign=dev_test&utm_content=hub&utm_id=120248457337170654&utm_term=120248457337390654&fbclid=PAZXh0bgNhZW0BMABhZGlkAas1Xs-J7B5zcnRjBmFwcF9pZA81NjcwNjczNDMzNTI0MjcAAaeRF8atgFqgYFHpaThkLmqDyB0YiwakrxHscMaJsOHywGcg61lsRQtrp_fIGw_aem_x54KxU48Xy9BaPwFpZXj6A","https://sysosyso.vercel.app/b?utm_source=test&utm_medium=internal&utm_campaign=dev_test&utm_content=hub&utm_id=120248457337170654&utm_term=120248457337390654&fbclid=PAZXh0bgNhZW0BMABhZGlkAas1Xs-J7B5zcnRjBmFwcF9pZA81NjcwNjczNDMzNTI0MjcAAaeRF8atgFqgYFHpaThkLmqDyB0YiwakrxHscMaJsOHywGcg61lsRQtrp_fIGw_aem_x54KxU48Xy9BaPwFpZXj6A","https://instagram.com/","pshklv","InstagramApp","Mobile","Android","Korea","1","0","FALSE","https://clarity.microsoft.com/player/x4avf9oig2/pshklv/at51ip/?ss=1781245653000&sd=83"
"06/12/2026","오후 02:43","00:08","https://sysosyso.vercel.app/","https://sysosyso.vercel.app/","","1kk8j5n","Chrome","PC","Windows","Korea","1","0","FALSE","https://clarity.microsoft.com/player/x4avf9oig2/1kk8j5n/1w6cib4/?ss=1781243021000&sd=8"
"06/12/2026","오후 02:14","00:04","https://sysosyso.vercel.app/b?utm_source=test&utm_medium=internal&utm_campaign=dev_test&utm_content=hub&utm_id=120248457337170654&utm_term=120248457337390654&fbclid=PAZXh0bgNhZW0BMABhZGlkAas1Xs-J7B5zcnRjBmFwcF9pZA81NjcwNjczNDMzNTI0MjcAAafAuKVo190y8uOtOhV1zgrgRY_seVeYyHP8v1AerpUiR_UayIWQ_CzFeRXm6w_aem_QAXvHXX6cFjnW2tK-NmOAQ","https://sysosyso.vercel.app/b?utm_source=test&utm_medium=internal&utm_campaign=dev_test&utm_content=hub&utm_id=120248457337170654&utm_term=120248457337390654&fbclid=PAZXh0bgNhZW0BMABhZGlkAas1Xs-J7B5zcnRjBmFwcF9pZA81NjcwNjczNDMzNTI0MjcAAafAuKVo190y8uOtOhV1zgrgRY_seVeYyHP8v1AerpUiR_UayIWQ_CzFeRXm6w_aem_QAXvHXX6cFjnW2tK-NmOAQ","https://instagram.com/","yw5p0b","InstagramApp","Mobile","Android","Korea","1","0","FALSE","https://clarity.microsoft.com/player/x4avf9oig2/yw5p0b/dyb5dv/?ss=1781241288000&sd=4"
"06/12/2026","오후 01:39","00:03","https://sysosyso.vercel.app/ab?utm_source=test&utm_medium=internal&utm_campaign=dev_test&utm_content=hub&utm_id=120248457389610654&utm_term=120248457390830654&fbclid=PAZXh0bgNhZW0BMABhZGlkAas1Xs-Wlk5zcnRjBmFwcF9pZA8xMjQwMjQ1NzQyODc0MTQAAafsq9fW09yb-rYqHumNFxqzT_cBkMyDMclc8sghBJpgl6g16Bj_StuKozMjTQ_aem_y2Ko2pXRhmNt8KO0Dqnj_g","https://sysosyso.vercel.app/ab?utm_source=test&utm_medium=internal&utm_campaign=dev_test&utm_content=hub&utm_id=120248457389610654&utm_term=120248457390830654&fbclid=PAZXh0bgNhZW0BMABhZGlkAas1Xs-Wlk5zcnRjBmFwcF9pZA8xMjQwMjQ1NzQyODc0MTQAAafsq9fW09yb-rYqHumNFxqzT_cBkMyDMclc8sghBJpgl6g16Bj_StuKozMjTQ_aem_y2Ko2pXRhmNt8KO0Dqnj_g","https://instagram.com/","eadpe","InstagramApp","Mobile","iOS","Korea","1","0","FALSE","https://clarity.microsoft.com/player/x4avf9oig2/eadpe/12lmttp/?ss=1781239185000&sd=3"
"06/12/2026","오전 09:24","00:01","https://sysosyso.vercel.app/a?utm_source=test&utm_medium=internal&utm_campaign=dev_test&utm_content=hub&utm_id=120248457289540654&utm_term=120248457289740654&fbclid=PAZXh0bgNhZW0BMABhZGlkAas1Xs_oEa5zcnRjBmFwcF9pZA81NjcwNjczNDMzNTI0MjcAAac542csbAvg8Spyw2ZHZy-cZzTJ2LZbK50Ffvtn9B4goV43LzXXX1JPYEiEjg_aem_0TeagECSZxLN8KSTCYyefw","https://sysosyso.vercel.app/a?utm_source=test&utm_medium=internal&utm_campaign=dev_test&utm_content=hub&utm_id=120248457289540654&utm_term=120248457289740654&fbclid=PAZXh0bgNhZW0BMABhZGlkAas1Xs_oEa5zcnRjBmFwcF9pZA81NjcwNjczNDMzNTI0MjcAAac542csbAvg8Spyw2ZHZy-cZzTJ2LZbK50Ffvtn9B4goV43LzXXX1JPYEiEjg_aem_0TeagECSZxLN8KSTCYyefw","https://instagram.com/","zale8a","InstagramApp","Mobile","Android","Korea","1","0","FALSE","https://clarity.microsoft.com/player/x4avf9oig2/zale8a/d0tpbg/?ss=1781223876000&sd=1"
"06/12/2026","오전 09:04","00:30","https://sysosyso.vercel.app/b?utm_source=test&utm_medium=internal&utm_campaign=dev_test&utm_content=hub&utm_id=120248457337170654&utm_term=120248457337390654&fbclid=PAZXh0bgNhZW0BMABhZGlkAas1Xs-J7B5zcnRjBmFwcF9pZA8xMjQwMjQ1NzQyODc0MTQAAadVMjt5V4CthPL2nXig3I7EGFuuk0DwcWnqLErCTBXSkuS573Km7aGn6iydUg_aem_ScUj9iRSORxjkDgBXTog_w","https://sysosyso.vercel.app/b?utm_source=test&utm_medium=internal&utm_campaign=dev_test&utm_content=hub&utm_id=120248457337170654&utm_term=120248457337390654&fbclid=PAZXh0bgNhZW0BMABhZGlkAas1Xs-J7B5zcnRjBmFwcF9pZA8xMjQwMjQ1NzQyODc0MTQAAadVMjt5V4CthPL2nXig3I7EGFuuk0DwcWnqLErCTBXSkuS573Km7aGn6iydUg_aem_ScUj9iRSORxjkDgBXTog_w","http://instagram.com/","e0n94a","InstagramApp","Mobile","iOS","Korea","1","0","FALSE","https://clarity.microsoft.com/player/x4avf9oig2/e0n94a/145lzh3/?ss=1781222683000&sd=30"
"06/12/2026","오전 08:45","00:13","https://sysosyso.vercel.app/a?utm_source=test&utm_medium=internal&utm_campaign=dev_test&utm_content=hub&utm_id=120248457289540654&utm_term=120248457289740654&fbclid=PAZXh0bgNhZW0BMABhZGlkAas1Xs_oEa5zcnRjBmFwcF9pZA81NjcwNjczNDMzNTI0MjcAAacwVfCwLpelS-zuE0On0dVR16bKtpaq6vY7FOzULGsV8gKVoq0LndK4IvDqJQ_aem_-UZuBCNP0GKfpZ5lGEKx2Q","https://sysosyso.vercel.app/a?utm_source=test&utm_medium=internal&utm_campaign=dev_test&utm_content=hub&utm_id=120248457289540654&utm_term=120248457289740654&fbclid=PAZXh0bgNhZW0BMABhZGlkAas1Xs_oEa5zcnRjBmFwcF9pZA81NjcwNjczNDMzNTI0MjcAAacwVfCwLpelS-zuE0On0dVR16bKtpaq6vY7FOzULGsV8gKVoq0LndK4IvDqJQ_aem_-UZuBCNP0GKfpZ5lGEKx2Q","https://instagram.com/","4bzk5l","InstagramApp","Mobile","Android","Korea","1","0","FALSE","https://clarity.microsoft.com/player/x4avf9oig2/4bzk5l/4n77pm/?ss=1781221535000&sd=13"
"06/12/2026","오전 08:42","00:09","https://sysosyso.vercel.app/a?utm_source=test&utm_medium=internal&utm_campaign=dev_test&utm_content=hub&utm_id=120248457289540654&utm_term=120248457289740654&fbclid=PAZXh0bgNhZW0BMABhZGlkAas1Xs_oEa5zcnRjBmFwcF9pZA81NjcwNjczNDMzNTI0MjcAAadBRKgdSK20z3b9loy8xSinu5R1qNyDyunNvlnpeBUC2Cy-8byAwjp_jGyVZw_aem_12wZKEvucMTyO_vVvhUmUA","https://sysosyso.vercel.app/a?utm_source=test&utm_medium=internal&utm_campaign=dev_test&utm_content=hub&utm_id=120248457289540654&utm_term=120248457289740654&fbclid=PAZXh0bgNhZW0BMABhZGlkAas1Xs_oEa5zcnRjBmFwcF9pZA81NjcwNjczNDMzNTI0MjcAAadBRKgdSK20z3b9loy8xSinu5R1qNyDyunNvlnpeBUC2Cy-8byAwjp_jGyVZw_aem_12wZKEvucMTyO_vVvhUmUA","https://instagram.com/","1y1inmg","InstagramApp","Mobile","Android","Korea","1","0","FALSE","https://clarity.microsoft.com/player/x4avf9oig2/1y1inmg/pee80v/?ss=1781221371000&sd=9"
"06/12/2026","오전 06:50","00:31","https://sysosyso.vercel.app/ab?utm_source=test&utm_medium=internal&utm_campaign=dev_test&utm_content=hub&utm_id=120248457389610654&utm_term=120248457390830654&fbclid=PAZXh0bgNhZW0BMABhZGlkAas1Xs49lf5zcnRjBmFwcF9pZA81NjcwNjczNDMzNTI0MjcAAad6CnczUsgn8qoDvvAgpAqvL3mbISWvxaq_tkxgyOf8PO95mrdZ-4EB7PDLwg_aem_xo45iZvZq7S84waZZuK6Kg","https://sysosyso.vercel.app/ab?utm_source=test&utm_medium=internal&utm_campaign=dev_test&utm_content=hub&utm_id=120248457389610654&utm_term=120248457390830654&fbclid=PAZXh0bgNhZW0BMABhZGlkAas1Xs49lf5zcnRjBmFwcF9pZA81NjcwNjczNDMzNTI0MjcAAad6CnczUsgn8qoDvvAgpAqvL3mbISWvxaq_tkxgyOf8PO95mrdZ-4EB7PDLwg_aem_xo45iZvZq7S84waZZuK6Kg","https://instagram.com/","16k2e7v","InstagramApp","Mobile","Android","Korea","1","0","FALSE","https://clarity.microsoft.com/player/x4avf9oig2/16k2e7v/hhg2nz/?ss=1781214622000&sd=31"
"06/12/2026","오전 06:35","01:53","https://sysosyso.vercel.app/b?utm_source=test&utm_medium=internal&utm_campaign=dev_test&utm_content=hub&utm_id=120248457337170654&utm_term=120248457337390654&fbclid=PAZXh0bgNhZW0BMABhZGlkAas1Xs-J7B5zcnRjBmFwcF9pZA8xMjQwMjQ1NzQyODc0MTQAAadaRmxdMxenEq3Hwu_RlHFASNrbBoPVQukRMWNv5xo1C4AtmogBXYuyp5tiXg_aem_8a0HM7HgrNfjaPfYgo2yWw","https://sysosyso.vercel.app/b?utm_source=test&utm_medium=internal&utm_campaign=dev_test&utm_content=hub&utm_id=120248457337170654&utm_term=120248457337390654&fbclid=PAZXh0bgNhZW0BMABhZGlkAas1Xs-J7B5zcnRjBmFwcF9pZA8xMjQwMjQ1NzQyODc0MTQAAadaRmxdMxenEq3Hwu_RlHFASNrbBoPVQukRMWNv5xo1C4AtmogBXYuyp5tiXg_aem_8a0HM7HgrNfjaPfYgo2yWw","https://instagram.com/","1n4qn5j","InstagramApp","Mobile","iOS","Korea","2","3","FALSE","https://clarity.microsoft.com/player/x4avf9oig2/1n4qn5j/86fayq/?ss=1781213745000&sd=113"
"06/12/2026","오전 05:42","00:02","https://sysosyso.vercel.app/a?utm_source=test&utm_medium=internal&utm_campaign=dev_test&utm_content=hub&utm_id=120248457289540654&utm_term=120248457289740654&fbclid=PAZXh0bgNhZW0BMABhZGlkAas1Xs_oEa5zcnRjBmFwcF9pZA8xMjQwMjQ1NzQyODc0MTQAAadaRHbWPtxLhBntyXqtOZ9oaCoWncOWDWQDFTXmDdEi9ZfplTS8-XOtQiQ76A_aem_-pyQY-pepCLC2t7MzdGAng","https://sysosyso.vercel.app/a?utm_source=test&utm_medium=internal&utm_campaign=dev_test&utm_content=hub&utm_id=120248457289540654&utm_term=120248457289740654&fbclid=PAZXh0bgNhZW0BMABhZGlkAas1Xs_oEa5zcnRjBmFwcF9pZA8xMjQwMjQ1NzQyODc0MTQAAadaRHbWPtxLhBntyXqtOZ9oaCoWncOWDWQDFTXmDdEi9ZfplTS8-XOtQiQ76A_aem_-pyQY-pepCLC2t7MzdGAng","http://instagram.com/","1hc6lfv","InstagramApp","Mobile","iOS","Korea","1","0","FALSE","https://clarity.microsoft.com/player/x4avf9oig2/1hc6lfv/cpwmj9/?ss=1781210541000&sd=2"
"06/12/2026","오전 05:00","00:30","https://sysosyso.vercel.app/b?utm_source=test&utm_medium=internal&utm_campaign=dev_test&utm_content=hub&utm_id=120248457337170654&utm_term=120248457337390654&fbclid=PAZXh0bgNhZW0BMABhZGlkAas1Xs-J7B5zcnRjBmFwcF9pZA81NjcwNjczNDMzNTI0MjcAAafqgzcT6_hgM0qJ7UoyG1pa-Ct3aYr4cZ_oAtDnr7r27n0KdfbrUrAb8vNWFA_aem_dRERj16qTz3LIT4u_qjKWg","https://sysosyso.vercel.app/b?utm_source=test&utm_medium=internal&utm_campaign=dev_test&utm_content=hub&utm_id=120248457337170654&utm_term=120248457337390654&fbclid=PAZXh0bgNhZW0BMABhZGlkAas1Xs-J7B5zcnRjBmFwcF9pZA81NjcwNjczNDMzNTI0MjcAAafqgzcT6_hgM0qJ7UoyG1pa-Ct3aYr4cZ_oAtDnr7r27n0KdfbrUrAb8vNWFA_aem_dRERj16qTz3LIT4u_qjKWg","https://instagram.com/","pshklv","InstagramApp","Mobile","Android","Korea","1","0","FALSE","https://clarity.microsoft.com/player/x4avf9oig2/pshklv/c1couq/?ss=1781208050000&sd=30"
"06/12/2026","오전 03:50","00:01","https://sysosyso.vercel.app/ab?utm_source=test&utm_medium=internal&utm_campaign=dev_test&utm_content=hub&utm_id=120248457389610654&utm_term=120248457390830654&fbclid=PAZXh0bgNhZW0BMABhZGlkAas1Xs-Wlk5zcnRjBmFwcF9pZA81NjcwNjczNDMzNTI0MjcAAadIQjOMVf8uoTCj3LhiDevEJ3NiOJA5X2T4J0HTMvu1Gb5x6Jwd7QX0LzCZdQ_aem_g-CPhMdY_FR_cUIpAMn69w","https://sysosyso.vercel.app/ab?utm_source=test&utm_medium=internal&utm_campaign=dev_test&utm_content=hub&utm_id=120248457389610654&utm_term=120248457390830654&fbclid=PAZXh0bgNhZW0BMABhZGlkAas1Xs-Wlk5zcnRjBmFwcF9pZA81NjcwNjczNDMzNTI0MjcAAadIQjOMVf8uoTCj3LhiDevEJ3NiOJA5X2T4J0HTMvu1Gb5x6Jwd7QX0LzCZdQ_aem_g-CPhMdY_FR_cUIpAMn69w","https://instagram.com/","1ps1m37","InstagramApp","Mobile","Android","Korea","1","0","FALSE","https://clarity.microsoft.com/player/x4avf9oig2/1ps1m37/1e89zbu/?ss=1781203812000&sd=1"
"06/12/2026","오전 03:22","00:02","https://sysosyso.vercel.app/b?utm_source=test&utm_medium=internal&utm_campaign=dev_test&utm_content=hub&utm_id=120248457337170654&utm_term=120248457337390654&fbclid=PAZXh0bgNhZW0BMABhZGlkAas1Xs-J7B5zcnRjBmFwcF9pZA81NjcwNjczNDMzNTI0MjcAAad4V9CbQzEgbGhZrryj9aX-d4bviRr4BVpLJZC1VlXrkeKwwcXIfRnjFuxViQ_aem_VVs9kQM49yBscaindzZfrQ","https://sysosyso.vercel.app/b?utm_source=test&utm_medium=internal&utm_campaign=dev_test&utm_content=hub&utm_id=120248457337170654&utm_term=120248457337390654&fbclid=PAZXh0bgNhZW0BMABhZGlkAas1Xs-J7B5zcnRjBmFwcF9pZA81NjcwNjczNDMzNTI0MjcAAad4V9CbQzEgbGhZrryj9aX-d4bviRr4BVpLJZC1VlXrkeKwwcXIfRnjFuxViQ_aem_VVs9kQM49yBscaindzZfrQ","https://instagram.com/","zozj0v","InstagramApp","Mobile","Android","Korea","1","0","FALSE","https://clarity.microsoft.com/player/x4avf9oig2/zozj0v/1ht120e/?ss=1781202166000&sd=2"
"06/12/2026","오전 03:04","00:02","https://sysosyso.vercel.app/b?utm_source=test&utm_medium=internal&utm_campaign=dev_test&utm_content=hub&utm_id=120248457337170654&utm_term=120248457337390654&fbclid=PAZXh0bgNhZW0BMABhZGlkAas1Xs-J7B5zcnRjBmFwcF9pZA8xMjQwMjQ1NzQyODc0MTQAAacuUayNvOKg9-XyNk6v6Xrfe0L6w_O_WkSPdVF_h1XCBhwWqHpLH-PqQYRQ6Q_aem_hXK3qE-C5gZ_sZn3Zl7WrQ","https://sysosyso.vercel.app/b?utm_source=test&utm_medium=internal&utm_campaign=dev_test&utm_content=hub&utm_id=120248457337170654&utm_term=120248457337390654&fbclid=PAZXh0bgNhZW0BMABhZGlkAas1Xs-J7B5zcnRjBmFwcF9pZA8xMjQwMjQ1NzQyODc0MTQAAacuUayNvOKg9-XyNk6v6Xrfe0L6w_O_WkSPdVF_h1XCBhwWqHpLH-PqQYRQ6Q_aem_hXK3qE-C5gZ_sZn3Zl7WrQ","https://instagram.com/","upcduz","InstagramApp","Mobile","iOS","Korea","1","0","FALSE","https://clarity.microsoft.com/player/x4avf9oig2/upcduz/1apswsl/?ss=1781201085000&sd=2"
"06/12/2026","오전 02:33","00:01","https://sysosyso.vercel.app/ab?utm_source=test&utm_medium=internal&utm_campaign=dev_test&utm_content=hub&utm_id=120248457389610654&utm_term=120248457390830654&fbclid=PAZXh0bgNhZW0BMABhZGlkAas1Xs-Wlk5zcnRjBmFwcF9pZA8xMjQwMjQ1NzQyODc0MTQAAachuLu7yRArOETIDuqJBdkSco62JQya6l0op6MSWuqD_zW3GJ3zgVYICMPQeg_aem_jIYDJ_k7VelFvhNHgcTaxw","https://sysosyso.vercel.app/ab?utm_source=test&utm_medium=internal&utm_campaign=dev_test&utm_content=hub&utm_id=120248457389610654&utm_term=120248457390830654&fbclid=PAZXh0bgNhZW0BMABhZGlkAas1Xs-Wlk5zcnRjBmFwcF9pZA8xMjQwMjQ1NzQyODc0MTQAAachuLu7yRArOETIDuqJBdkSco62JQya6l0op6MSWuqD_zW3GJ3zgVYICMPQeg_aem_jIYDJ_k7VelFvhNHgcTaxw","https://instagram.com/","iyh28y","InstagramApp","Mobile","iOS","Korea","1","0","FALSE","https://clarity.microsoft.com/player/x4avf9oig2/iyh28y/1h3gn2w/?ss=1781199235000&sd=1"
